Species Group,Total Volume (m^3),Total Production,Total Damage Crown (m),Total Damage Stem,Total Diameter after 30 years,Total Production after 30 years
1,51750.5,373187715.90999997,4572547.720000001,80909.23000000001,1034874.81,1798890682.15
2,52003.27,378051279.84000003,17695249.65,81697.36,1049603.3,1822670360.08
3,50583.15,373298970.96,18440241.46,79513.98,1033118.31,1798319835.6
4,51667.08,374915056.78,15928057.930000002,81997.06,1046704.81,1809540419.79
5,53627.83,390494544.64,15695211.08,83691.11000000002,1075622.2999999998,1879983082.14
6,52161.48,382493099.65999997,24744211.340000004,82291.64,1059673.26,1843215102.38
7,53501.79,391951853.54,20747950.790000003,84521.95,1086235.28,1888838368.81
