Species Group,Total Volume (m^3),Total Number of Trees,5-15 cm,15-30 cm,30-45 cm,45-60 cm,60-250 cm
1,401.0448799999999,59,2,3,4,3,47
2,550.7297599999999,75,4,2,3,1,65
3,694.2248999999999,83,3,3,9,3,65
4,376.12882,59,4,4,1,5,45
5,574.0434,69,3,2,2,5,57
6,533.85722,82,4,10,4,2,62
7,480.66316,73,2,7,3,7,54
