Species Group,Total Volume (m^3),Total Number of Trees,5-15 cm,15-30 cm,30-45 cm,45-60 cm,60-250 cm
1,0.05170520003,6998,271,436,451,437,5403
2,0.05118158167,7118,308,447,475,430,5458
3,0.051526468389999996,7014,265,431,425,429,5464
4,0.0518313174,7130,302,444,425,430,5529
5,0.05264374087,7204,290,435,426,434,5619
6,0.05183501718,7189,276,438,438,442,5595
7,0.055224337090000006,7347,300,463,429,436,5719
